algorithm,dataset,size,repetitions,mean_us,median_us,stddev_us,char_comparisons,char_accesses,sorted_ok
quick_sort,nearly_sorted,100,10,3.547,3.118,1.288,879,1758,true
quick_sort,nearly_sorted,200,10,6.229,5.963,0.899,2002,4004,true
quick_sort,nearly_sorted,300,10,9.894,9.297,1.931,3202,6404,true
quick_sort,nearly_sorted,400,10,13.004,12.725,0.778,4430,8860,true
quick_sort,nearly_sorted,500,10,17.106,16.483,2.140,5648,11296,true
quick_sort,nearly_sorted,600,10,22.817,21.311,5.615,7032,14064,true
quick_sort,nearly_sorted,700,10,25.697,24.915,2.452,8307,16614,true
quick_sort,nearly_sorted,800,10,29.447,28.369,2.911,9623,19246,true
quick_sort,nearly_sorted,900,10,35.185,33.664,3.178,10928,21856,true
quick_sort,nearly_sorted,1000,10,37.963,37.282,2.193,12246,24492,true
quick_sort,nearly_sorted,1100,10,42.395,41.582,3.493,13666,27332,true
quick_sort,nearly_sorted,1200,10,46.605,45.729,4.093,15066,30132,true
quick_sort,nearly_sorted,1300,10,53.493,50.502,10.434,16553,33106,true
quick_sort,nearly_sorted,1400,10,51.528,50.528,3.212,17958,35916,true
quick_sort,nearly_sorted,1500,10,61.145,61.285,2.270,19379,38758,true
quick_sort,nearly_sorted,1600,10,74.163,66.040,24.919,20835,41670,true
quick_sort,nearly_sorted,1700,10,69.752,67.916,4.253,22286,44572,true
quick_sort,nearly_sorted,1800,10,77.608,73.140,10.630,23643,47286,true
quick_sort,nearly_sorted,1900,10,85.777,80.487,14.840,25089,50178,true
quick_sort,nearly_sorted,2000,10,75.726,72.814,6.770,26514,53028,true
quick_sort,nearly_sorted,2100,10,77.112,76.651,2.386,27935,55870,true
quick_sort,nearly_sorted,2200,10,82.770,81.763,2.328,29667,59334,true
quick_sort,nearly_sorted,2300,10,93.510,85.811,19.370,31023,62046,true
quick_sort,nearly_sorted,2400,10,100.362,95.517,13.393,32656,65312,true
quick_sort,nearly_sorted,2500,10,100.497,99.574,2.661,34023,68046,true
quick_sort,nearly_sorted,2600,10,103.626,102.254,6.700,35648,71296,true
quick_sort,nearly_sorted,2700,10,109.592,109.184,9.290,37324,74648,true
quick_sort,nearly_sorted,2800,10,117.836,114.843,11.406,38704,77408,true
quick_sort,nearly_sorted,2900,10,121.597,114.804,18.355,40215,80430,true
quick_sort,nearly_sorted,3000,10,123.177,120.370,9.855,41830,83660,true
quick_sort,random,100,10,4.277,3.226,1.918,642,1284,true
quick_sort,random,200,10,8.549,7.864,2.793,1591,3182,true
quick_sort,random,300,10,15.294,13.784,3.766,2938,5876,true
quick_sort,random,400,10,27.727,27.545,4.932,4549,9098,true
quick_sort,random,500,10,35.225,34.029,6.756,6003,12006,true
quick_sort,random,600,10,44.621,44.465,3.139,7009,14018,true
quick_sort,random,700,10,57.051,55.961,3.311,8342,16684,true
quick_sort,random,800,10,67.909,66.928,5.482,10757,21514,true
quick_sort,random,900,10,79.850,79.615,6.149,13283,26566,true
quick_sort,random,1000,10,78.091,77.085,3.492,13583,27166,true
quick_sort,random,1100,10,95.236,94.251,5.345,14942,29884,true
quick_sort,random,1200,10,111.408,110.385,8.700,17078,34156,true
quick_sort,random,1300,10,107.063,103.925,6.162,19085,38170,true
quick_sort,random,1400,10,126.944,119.134,17.525,20959,41918,true
quick_sort,random,1500,10,128.926,128.452,3.489,24482,48964,true
quick_sort,random,1600,10,143.826,141.314,10.496,25381,50762,true
quick_sort,random,1700,10,160.396,159.968,7.277,29364,58728,true
quick_sort,random,1800,10,166.351,162.478,11.182,29802,59604,true
quick_sort,random,1900,10,184.739,184.321,7.948,29945,59890,true
quick_sort,random,2000,10,194.265,192.350,13.379,32363,64726,true
quick_sort,random,2100,10,197.181,190.221,13.701,36124,72248,true
quick_sort,random,2200,10,212.870,211.511,9.016,40637,81274,true
quick_sort,random,2300,10,236.353,226.749,22.989,39624,79248,true
quick_sort,random,2400,10,228.983,223.407,11.829,42182,84364,true
quick_sort,random,2500,10,247.689,242.164,14.908,42142,84284,true
quick_sort,random,2600,10,254.424,250.365,10.214,45755,91510,true
quick_sort,random,2700,10,290.531,283.923,26.243,46884,93768,true
quick_sort,random,2800,10,291.985,294.276,10.329,51637,103274,true
quick_sort,random,2900,10,297.677,295.731,8.197,51793,103586,true
quick_sort,random,3000,10,341.548,333.964,25.176,55353,110706,true
quick_sort,reverse,100,10,3.526,3.179,0.743,937,1874,true
quick_sort,reverse,200,10,6.757,6.342,1.190,2106,4212,true
quick_sort,reverse,300,10,10.879,10.203,1.638,3384,6768,true
quick_sort,reverse,400,10,14.955,13.968,2.332,4693,9386,true
quick_sort,reverse,500,10,22.977,21.325,4.747,5977,11954,true
quick_sort,reverse,600,10,26.137,25.714,2.994,7317,14634,true
quick_sort,reverse,700,10,30.532,29.254,3.147,8869,17738,true
quick_sort,reverse,800,10,38.677,38.046,3.662,10202,20404,true
quick_sort,reverse,900,10,44.173,40.874,7.443,11598,23196,true
quick_sort,reverse,1000,10,51.770,53.113,3.933,13016,26032,true
quick_sort,reverse,1100,10,57.823,55.203,6.705,14393,28786,true
quick_sort,reverse,1200,10,59.934,59.204,3.750,15838,31676,true
quick_sort,reverse,1300,10,66.389,64.834,4.921,17576,35152,true
quick_sort,reverse,1400,10,76.628,73.527,8.015,18986,37972,true
quick_sort,reverse,1500,10,79.268,77.869,8.407,20509,41018,true
quick_sort,reverse,1600,10,91.317,90.869,8.520,22068,44136,true
quick_sort,reverse,1700,10,95.014,93.371,10.959,23481,46962,true
quick_sort,reverse,1800,10,91.173,91.191,4.903,25020,50040,true
quick_sort,reverse,1900,10,92.984,92.784,4.320,26418,52836,true
quick_sort,reverse,2000,10,101.969,99.786,7.462,27954,55908,true
quick_sort,reverse,2100,10,115.112,110.671,9.999,29460,58920,true
quick_sort,reverse,2200,10,118.336,111.163,12.916,30910,61820,true
quick_sort,reverse,2300,10,126.488,123.219,9.351,32796,65592,true
quick_sort,reverse,2400,10,157.203,149.238,17.031,34057,68114,true
quick_sort,reverse,2500,10,172.111,164.221,29.063,35841,71682,true
quick_sort,reverse,2600,10,186.738,167.236,35.616,37687,75374,true
quick_sort,reverse,2700,10,158.920,152.372,19.081,39411,78822,true
quick_sort,reverse,2800,10,159.472,160.088,8.313,40894,81788,true
quick_sort,reverse,2900,10,161.674,159.963,11.694,42507,85014,true
quick_sort,reverse,3000,10,199.927,194.860,20.130,43889,87778,true
merge_sort,nearly_sorted,100,10,12.948,11.937,2.290,601,1202,true
merge_sort,nearly_sorted,200,10,24.574,24.217,2.132,1326,2652,true
merge_sort,nearly_sorted,300,10,42.250,41.296,2.868,2071,4142,true
merge_sort,nearly_sorted,400,10,58.127,56.633,4.202,2874,5748,true
merge_sort,nearly_sorted,500,10,88.010,86.520,10.713,3796,7592,true
merge_sort,nearly_sorted,600,10,105.243,103.386,12.968,4497,8994,true
merge_sort,nearly_sorted,700,10,112.782,110.341,6.888,5264,10528,true
merge_sort,nearly_sorted,800,10,133.088,133.825,6.536,6140,12280,true
merge_sort,nearly_sorted,900,10,151.291,148.503,6.002,7135,14270,true
merge_sort,nearly_sorted,1000,10,169.713,155.091,33.817,8048,16096,true
merge_sort,nearly_sorted,1100,10,163.538,161.950,9.286,8826,17652,true
merge_sort,nearly_sorted,1200,10,182.929,183.519,9.661,9492,18984,true
merge_sort,nearly_sorted,1300,10,204.916,204.898,6.993,10439,20878,true
merge_sort,nearly_sorted,1400,10,220.437,217.769,12.135,11197,22394,true
merge_sort,nearly_sorted,1500,10,241.858,236.445,15.198,12168,24336,true
merge_sort,nearly_sorted,1600,10,262.180,263.683,9.704,13048,26096,true
merge_sort,nearly_sorted,1700,10,283.034,278.269,20.811,13953,27906,true
merge_sort,nearly_sorted,1800,10,289.880,287.130,10.931,15077,30154,true
merge_sort,nearly_sorted,1900,10,305.255,298.312,17.393,15999,31998,true
merge_sort,nearly_sorted,2000,10,325.094,318.144,13.741,17092,34184,true
merge_sort,nearly_sorted,2100,10,359.795,355.505,20.529,18050,36100,true
merge_sort,nearly_sorted,2200,10,385.499,381.962,19.376,18629,37258,true
merge_sort,nearly_sorted,2300,10,376.914,375.930,12.483,19513,39026,true
merge_sort,nearly_sorted,2400,10,392.983,380.711,29.292,20227,40454,true
merge_sort,nearly_sorted,2500,10,400.066,398.463,19.448,20942,41884,true
merge_sort,nearly_sorted,2600,10,438.979,435.816,18.178,22020,44040,true
merge_sort,nearly_sorted,2700,10,465.500,463.496,9.485,22806,45612,true
merge_sort,nearly_sorted,2800,10,469.856,463.371,31.841,23709,47418,true
merge_sort,nearly_sorted,2900,10,510.088,502.296,44.317,24725,49450,true
merge_sort,nearly_sorted,3000,10,496.837,483.899,29.945,25827,51654,true
merge_sort,random,100,10,15.766,15.040,2.309,592,1184,true
merge_sort,random,200,10,46.825,39.683,14.966,1487,2974,true
merge_sort,random,300,10,65.011,64.377,2.656,2490,4980,true
merge_sort,random,400,10,91.246,90.457,4.490,3640,7280,true
merge_sort,random,500,10,117.434,116.368,5.345,4844,9688,true
merge_sort,random,600,10,150.846,146.830,9.156,6069,12138,true
merge_sort,random,700,10,183.091,179.477,7.840,7396,14792,true
merge_sort,random,800,10,235.835,224.628,38.282,8751,17502,true
merge_sort,random,900,10,240.304,233.952,15.867,10129,20258,true
merge_sort,random,1000,10,265.575,262.758,6.967,11574,23148,true
merge_sort,random,1100,10,310.570,306.818,19.511,13029,26058,true
merge_sort,random,1200,10,324.264,319.800,14.516,14480,28960,true
merge_sort,random,1300,10,358.924,353.741,12.672,16016,32032,true
merge_sort,random,1400,10,412.562,400.420,28.215,17552,35104,true
merge_sort,random,1500,10,413.827,405.521,22.609,19121,38242,true
merge_sort,random,1600,10,432.980,427.663,12.861,20651,41302,true
merge_sort,random,1700,10,491.424,476.183,42.036,22288,44576,true
merge_sort,random,1800,10,504.938,503.068,8.639,23925,47850,true
merge_sort,random,1900,10,576.210,566.949,47.664,25519,51038,true
merge_sort,random,2000,10,592.448,592.241,22.768,27169,54338,true
merge_sort,random,2100,10,624.742,615.522,32.587,28905,57810,true
merge_sort,random,2200,10,642.799,641.385,20.179,30559,61118,true
merge_sort,random,2300,10,698.441,689.136,33.944,32252,64504,true
merge_sort,random,2400,10,712.893,707.738,22.898,33956,67912,true
merge_sort,random,2500,10,780.928,759.918,47.091,35636,71272,true
merge_sort,random,2600,10,788.922,794.280,35.196,37452,74904,true
merge_sort,random,2700,10,815.914,810.860,31.095,39253,78506,true
merge_sort,random,2800,10,981.050,961.963,52.730,40964,81928,true
merge_sort,random,2900,10,913.000,880.613,94.590,42766,85532,true
merge_sort,random,3000,10,927.524,905.102,43.518,44529,89058,true
merge_sort,reverse,100,10,13.917,13.598,1.793,684,1368,true
merge_sort,reverse,200,10,38.684,35.383,8.269,1490,2980,true
merge_sort,reverse,300,10,51.342,50.368,4.642,2349,4698,true
merge_sort,reverse,400,10,70.804,70.576,2.286,3143,6286,true
merge_sort,reverse,500,10,92.818,92.906,3.155,3888,7776,true
merge_sort,reverse,600,10,115.079,116.578,3.466,4924,9848,true
merge_sort,reverse,700,10,134.969,134.506,3.444,5943,11886,true
merge_sort,reverse,800,10,158.495,156.557,5.909,6677,13354,true
merge_sort,reverse,900,10,198.649,199.481,15.336,7553,15106,true
merge_sort,reverse,1000,10,207.972,207.044,3.345,8228,16456,true
merge_sort,reverse,1100,10,226.207,222.984,7.546,9347,18694,true
merge_sort,reverse,1200,10,261.931,259.233,10.072,10451,20902,true
merge_sort,reverse,1300,10,283.040,280.195,14.619,11370,22740,true
merge_sort,reverse,1400,10,295.356,293.579,7.588,12566,25132,true
merge_sort,reverse,1500,10,323.956,317.242,18.090,13355,26710,true
merge_sort,reverse,1600,10,348.307,350.601,5.770,14158,28316,true
merge_sort,reverse,1700,10,381.671,375.053,17.250,15184,30368,true
merge_sort,reverse,1800,10,394.908,390.026,8.597,16045,32090,true
merge_sort,reverse,1900,10,472.516,438.742,81.264,16834,33668,true
merge_sort,reverse,2000,10,512.718,503.413,25.090,17479,34958,true
merge_sort,reverse,2100,10,567.453,565.824,57.906,18414,36828,true
merge_sort,reverse,2200,10,552.251,522.451,49.441,19800,39600,true
merge_sort,reverse,2300,10,575.886,565.996,28.285,20941,41882,true
merge_sort,reverse,2400,10,601.138,576.582,48.953,22057,44114,true
merge_sort,reverse,2500,10,604.030,600.206,19.304,23138,46276,true
merge_sort,reverse,2600,10,611.446,599.758,27.170,24139,48278,true
merge_sort,reverse,2700,10,658.361,634.178,54.261,25322,50644,true
merge_sort,reverse,2800,10,664.199,664.976,31.823,26427,52854,true
merge_sort,reverse,2900,10,706.732,694.438,37.273,27406,54812,true
merge_sort,reverse,3000,10,733.584,727.575,30.865,28296,56592,true
string_quick_sort,nearly_sorted,100,10,1.866,1.369,1.267,586,666,true
string_quick_sort,nearly_sorted,200,10,3.396,3.066,0.813,1337,1499,true
string_quick_sort,nearly_sorted,300,10,5.772,5.176,1.425,2150,2399,true
string_quick_sort,nearly_sorted,400,10,7.795,7.006,1.904,3020,3344,true
string_quick_sort,nearly_sorted,500,10,10.759,10.176,1.664,3825,4227,true
string_quick_sort,nearly_sorted,600,10,15.936,14.949,3.718,4761,5247,true
string_quick_sort,nearly_sorted,700,10,18.812,17.567,2.812,5695,6253,true
string_quick_sort,nearly_sorted,800,10,20.583,19.639,2.710,6650,7277,true
string_quick_sort,nearly_sorted,900,10,24.233,23.434,2.459,7614,8325,true
string_quick_sort,nearly_sorted,1000,10,24.168,23.415,1.723,8647,9451,true
string_quick_sort,nearly_sorted,1100,10,28.229,27.358,2.742,9581,10455,true
string_quick_sort,nearly_sorted,1200,10,30.243,30.306,1.679,10608,11561,true
string_quick_sort,nearly_sorted,1300,10,33.943,33.402,2.022,11696,12733,true
string_quick_sort,nearly_sorted,1400,10,36.473,34.484,5.511,12705,13814,true
string_quick_sort,nearly_sorted,1500,10,42.690,41.629,2.862,13822,15001,true
string_quick_sort,nearly_sorted,1600,10,44.041,42.328,3.661,14777,16021,true
string_quick_sort,nearly_sorted,1700,10,50.886,51.948,5.508,15866,17211,true
string_quick_sort,nearly_sorted,1800,10,49.764,50.160,3.296,16976,18390,true
string_quick_sort,nearly_sorted,1900,10,52.246,52.019,1.775,18138,19633,true
string_quick_sort,nearly_sorted,2000,10,60.432,59.662,4.944,19189,20777,true
string_quick_sort,nearly_sorted,2100,10,59.108,59.184,4.265,20349,22012,true
string_quick_sort,nearly_sorted,2200,10,62.691,63.484,4.012,21419,23163,true
string_quick_sort,nearly_sorted,2300,10,67.044,66.869,3.778,22412,24224,true
string_quick_sort,nearly_sorted,2400,10,68.856,68.016,4.495,23674,25571,true
string_quick_sort,nearly_sorted,2500,10,73.016,71.198,5.937,24775,26743,true
string_quick_sort,nearly_sorted,2600,10,73.914,73.382,2.737,25960,28023,true
string_quick_sort,nearly_sorted,2700,10,78.040,76.570,4.018,27151,29282,true
string_quick_sort,nearly_sorted,2800,10,114.173,101.686,33.581,28305,30502,true
string_quick_sort,nearly_sorted,2900,10,106.289,98.001,21.751,29331,31609,true
string_quick_sort,nearly_sorted,3000,10,110.023,104.404,15.634,30618,32964,true
string_quick_sort,random,100,10,2.393,1.748,1.312,673,753,true
string_quick_sort,random,200,10,5.534,4.389,2.497,1516,1684,true
string_quick_sort,random,300,10,10.278,9.562,3.587,2494,2737,true
string_quick_sort,random,400,10,15.245,13.745,3.704,3363,3684,true
string_quick_sort,random,500,10,22.114,21.538,4.066,4606,4990,true
string_quick_sort,random,600,10,29.905,30.785,5.095,6075,6530,true
string_quick_sort,random,700,10,37.810,36.562,4.280,6588,7128,true
string_quick_sort,random,800,10,44.138,40.852,6.790,7725,8332,true
string_quick_sort,random,900,10,51.129,49.784,5.198,10943,11623,true
string_quick_sort,random,1000,10,67.954,59.737,14.817,11385,12162,true
string_quick_sort,random,1100,10,76.312,74.841,8.686,11736,12603,true
string_quick_sort,random,1200,10,79.912,76.486,7.501,12986,13893,true
string_quick_sort,random,1300,10,88.761,87.095,5.791,15288,16287,true
string_quick_sort,random,1400,10,98.303,92.697,14.475,14734,15816,true
string_quick_sort,random,1500,10,107.006,102.888,8.488,17660,18818,true
string_quick_sort,random,1600,10,108.851,107.792,4.312,17757,18995,true
string_quick_sort,random,1700,10,121.017,117.203,13.047,19295,20602,true
string_quick_sort,random,1800,10,143.032,138.788,12.361,20524,21907,true
string_quick_sort,random,1900,10,148.154,141.336,21.253,22845,24310,true
string_quick_sort,random,2000,10,149.221,148.016,5.386,22646,24195,true
string_quick_sort,random,2100,10,178.693,162.922,31.875,24316,25939,true
string_quick_sort,random,2200,10,166.069,162.363,11.834,27103,28825,true
string_quick_sort,random,2300,10,152.487,147.740,10.246,26311,28108,true
string_quick_sort,random,2400,10,158.462,157.123,7.153,28589,30474,true
string_quick_sort,random,2500,10,192.639,182.815,25.015,28744,30703,true
string_quick_sort,random,2600,10,192.065,185.733,15.898,34645,36675,true
string_quick_sort,random,2700,10,197.737,194.454,10.968,31219,33340,true
string_quick_sort,random,2800,10,193.394,194.442,7.965,33210,35422,true
string_quick_sort,random,2900,10,221.352,218.570,8.963,35760,38053,true
string_quick_sort,random,3000,10,262.301,246.698,53.903,38911,41290,true
string_quick_sort,reverse,100,10,2.180,1.931,0.688,586,661,true
string_quick_sort,reverse,200,10,3.860,3.528,0.815,1303,1457,true
string_quick_sort,reverse,300,10,6.659,5.720,1.634,2081,2312,true
string_quick_sort,reverse,400,10,9.764,9.094,1.850,3004,3316,true
string_quick_sort,reverse,500,10,11.707,10.930,1.481,3772,4158,true
string_quick_sort,reverse,600,10,15.498,14.922,1.680,4698,5162,true
string_quick_sort,reverse,700,10,19.673,18.803,1.885,5687,6231,true
string_quick_sort,reverse,800,10,22.064,21.783,1.687,6598,7230,true
string_quick_sort,reverse,900,10,25.194,24.696,2.970,7582,8284,true
string_quick_sort,reverse,1000,10,29.104,28.206,2.860,8532,9307,true
string_quick_sort,reverse,1100,10,39.957,36.085,11.149,9575,10421,true
string_quick_sort,reverse,1200,10,38.715,38.287,4.412,10505,11433,true
string_quick_sort,reverse,1300,10,43.175,42.620,3.859,11575,12582,true
string_quick_sort,reverse,1400,10,42.754,42.368,1.924,12517,13599,true
string_quick_sort,reverse,1500,10,45.896,45.936,3.081,13620,14796,true
string_quick_sort,reverse,1600,10,56.575,54.147,9.157,14698,15943,true
string_quick_sort,reverse,1700,10,53.583,53.518,2.730,15833,17168,true
string_quick_sort,reverse,1800,10,63.936,62.180,7.615,16957,18362,true
string_quick_sort,reverse,1900,10,60.253,58.816,4.618,18029,19532,true
string_quick_sort,reverse,2000,10,66.524,67.041,2.917,19161,20737,true
string_quick_sort,reverse,2100,10,72.776,71.138,5.764,20019,21647,true
string_quick_sort,reverse,2200,10,73.641,73.570,5.899,21243,22958,true
string_quick_sort,reverse,2300,10,92.490,79.654,44.164,22333,24131,true
string_quick_sort,reverse,2400,10,85.004,81.971,9.981,23420,25291,true
string_quick_sort,reverse,2500,10,83.964,82.935,3.629,24461,26409,true
string_quick_sort,reverse,2600,10,86.666,84.106,6.256,25578,27595,true
string_quick_sort,reverse,2700,10,94.997,95.067,4.353,26763,28864,true
string_quick_sort,reverse,2800,10,98.440,99.597,5.330,27870,30043,true
string_quick_sort,reverse,2900,10,110.132,104.221,12.135,29253,31529,true
string_quick_sort,reverse,3000,10,105.638,103.416,6.476,30401,32761,true
lcp_merge_sort,nearly_sorted,100,10,12.090,10.742,2.895,344,688,true
lcp_merge_sort,nearly_sorted,200,10,24.430,22.505,4.493,695,1390,true
lcp_merge_sort,nearly_sorted,300,10,45.076,42.910,6.030,1058,2116,true
lcp_merge_sort,nearly_sorted,400,10,54.207,52.680,5.267,1438,2876,true
lcp_merge_sort,nearly_sorted,500,10,73.116,71.232,6.849,1852,3704,true
lcp_merge_sort,nearly_sorted,600,10,88.507,89.766,9.788,2171,4342,true
lcp_merge_sort,nearly_sorted,700,10,103.796,103.042,5.782,2500,5000,true
lcp_merge_sort,nearly_sorted,800,10,123.403,118.347,10.871,2907,5814,true
lcp_merge_sort,nearly_sorted,900,10,146.552,139.924,13.448,3368,6736,true
lcp_merge_sort,nearly_sorted,1000,10,182.723,173.002,34.655,3729,7458,true
lcp_merge_sort,nearly_sorted,1100,10,185.825,175.780,27.638,4059,8118,true
lcp_merge_sort,nearly_sorted,1200,10,205.097,201.024,9.403,4325,8650,true
lcp_merge_sort,nearly_sorted,1300,10,239.052,238.685,12.754,4800,9600,true
lcp_merge_sort,nearly_sorted,1400,10,267.114,246.022,46.552,5043,10086,true
lcp_merge_sort,nearly_sorted,1500,10,264.511,262.879,10.330,5456,10912,true
lcp_merge_sort,nearly_sorted,1600,10,300.803,298.556,20.247,5830,11660,true
lcp_merge_sort,nearly_sorted,1700,10,297.498,298.207,12.138,6193,12386,true
lcp_merge_sort,nearly_sorted,1800,10,329.012,324.014,18.377,6696,13392,true
lcp_merge_sort,nearly_sorted,1900,10,319.282,317.833,8.201,7052,14104,true
lcp_merge_sort,nearly_sorted,2000,10,359.034,363.630,27.496,7488,14976,true
lcp_merge_sort,nearly_sorted,2100,10,370.524,364.856,28.572,7906,15812,true
lcp_merge_sort,nearly_sorted,2200,10,416.438,415.147,13.192,8077,16154,true
lcp_merge_sort,nearly_sorted,2300,10,428.696,429.089,10.441,8521,17042,true
lcp_merge_sort,nearly_sorted,2400,10,456.358,453.101,18.447,8753,17506,true
lcp_merge_sort,nearly_sorted,2500,10,502.341,494.030,30.877,8994,17988,true
lcp_merge_sort,nearly_sorted,2600,10,518.285,508.145,28.362,9522,19044,true
lcp_merge_sort,nearly_sorted,2700,10,549.897,539.982,27.122,9795,19590,true
lcp_merge_sort,nearly_sorted,2800,10,560.439,559.967,13.482,10142,20284,true
lcp_merge_sort,nearly_sorted,2900,10,522.060,514.114,37.934,10582,21164,true
lcp_merge_sort,nearly_sorted,3000,10,513.019,498.867,35.535,11049,22098,true
lcp_merge_sort,random,100,10,15.531,14.601,2.554,500,1000,true
lcp_merge_sort,random,200,10,38.224,36.368,4.605,1148,2296,true
lcp_merge_sort,random,300,10,69.239,68.468,2.918,1856,3712,true
lcp_merge_sort,random,400,10,105.725,103.689,11.483,2655,5310,true
lcp_merge_sort,random,500,10,127.093,118.156,18.846,3473,6946,true
lcp_merge_sort,random,600,10,158.202,155.765,11.807,4290,8580,true
lcp_merge_sort,random,700,10,182.144,177.738,11.161,5159,10318,true
lcp_merge_sort,random,800,10,202.994,203.329,2.800,6035,12070,true
lcp_merge_sort,random,900,10,248.386,243.522,14.835,6968,13936,true
lcp_merge_sort,random,1000,10,284.471,283.582,12.805,7902,15804,true
lcp_merge_sort,random,1100,10,299.229,297.275,12.456,8825,17650,true
lcp_merge_sort,random,1200,10,379.522,357.673,79.323,9721,19442,true
lcp_merge_sort,random,1300,10,398.181,382.625,27.881,10659,21318,true
lcp_merge_sort,random,1400,10,422.380,410.674,34.114,11619,23238,true
lcp_merge_sort,random,1500,10,491.742,489.918,43.909,12639,25278,true
lcp_merge_sort,random,1600,10,472.202,471.835,15.712,13536,27072,true
lcp_merge_sort,random,1700,10,539.158,510.974,58.861,14585,29170,true
lcp_merge_sort,random,1800,10,570.068,555.352,48.748,15600,31200,true
lcp_merge_sort,random,1900,10,588.543,586.940,31.252,16487,32974,true
lcp_merge_sort,random,2000,10,650.547,647.657,32.471,17538,35076,true
lcp_merge_sort,random,2100,10,745.981,722.106,63.644,18597,37194,true
lcp_merge_sort,random,2200,10,841.824,821.340,115.040,19612,39224,true
lcp_merge_sort,random,2300,10,855.778,858.295,27.286,20575,41150,true
lcp_merge_sort,random,2400,10,899.050,889.814,31.807,21650,43300,true
lcp_merge_sort,random,2500,10,928.239,925.645,79.451,22590,45180,true
lcp_merge_sort,random,2600,10,899.339,896.248,22.646,23705,47410,true
lcp_merge_sort,random,2700,10,927.365,921.712,27.646,24826,49652,true
lcp_merge_sort,random,2800,10,952.707,933.165,39.705,25806,51612,true
lcp_merge_sort,random,2900,10,974.260,947.591,79.815,26846,53692,true
lcp_merge_sort,random,3000,10,1006.837,969.667,87.960,27945,55890,true
lcp_merge_sort,reverse,100,10,16.017,14.557,2.935,392,784,true
lcp_merge_sort,reverse,200,10,36.560,36.560,2.443,796,1592,true
lcp_merge_sort,reverse,300,10,64.251,64.846,2.759,1220,2440,true
lcp_merge_sort,reverse,400,10,84.834,83.493,3.139,1552,3104,true
lcp_merge_sort,reverse,500,10,116.903,111.529,13.076,1928,3856,true
lcp_merge_sort,reverse,600,10,134.070,131.487,6.997,2379,4758,true
lcp_merge_sort,reverse,700,10,166.407,161.471,8.258,2863,5726,true
lcp_merge_sort,reverse,800,10,197.372,187.718,18.221,3106,6212,true
lcp_merge_sort,reverse,900,10,220.363,218.569,8.879,3550,7100,true
lcp_merge_sort,reverse,1000,10,254.370,252.530,16.820,3846,7692,true
lcp_merge_sort,reverse,1100,10,279.267,277.910,8.282,4343,8686,true
lcp_merge_sort,reverse,1200,10,310.356,306.914,12.407,4776,9552,true
lcp_merge_sort,reverse,1300,10,351.330,342.880,19.654,5103,10206,true
lcp_merge_sort,reverse,1400,10,368.901,369.281,14.804,5702,11404,true
lcp_merge_sort,reverse,1500,10,397.832,393.443,19.754,6004,12008,true
lcp_merge_sort,reverse,1600,10,458.006,450.171,33.850,6237,12474,true
lcp_merge_sort,reverse,1700,10,484.286,491.337,37.270,6700,13400,true
lcp_merge_sort,reverse,1800,10,490.279,481.558,19.446,7100,14200,true
lcp_merge_sort,reverse,1900,10,533.829,529.988,17.468,7428,14856,true
lcp_merge_sort,reverse,2000,10,540.860,536.947,11.984,7661,15322,true
lcp_merge_sort,reverse,2100,10,613.998,591.390,70.182,8033,16066,true
lcp_merge_sort,reverse,2200,10,601.781,613.695,43.872,8630,17260,true
lcp_merge_sort,reverse,2300,10,583.090,556.849,75.622,9094,18188,true
lcp_merge_sort,reverse,2400,10,587.513,582.134,22.066,9494,18988,true
lcp_merge_sort,reverse,2500,10,625.848,614.825,29.066,9923,19846,true
lcp_merge_sort,reverse,2600,10,666.445,661.994,34.995,10312,20624,true
lcp_merge_sort,reverse,2700,10,681.356,676.180,28.759,10789,21578,true
lcp_merge_sort,reverse,2800,10,741.000,727.167,35.619,11273,22546,true
lcp_merge_sort,reverse,2900,10,718.333,716.465,15.434,11645,23290,true
lcp_merge_sort,reverse,3000,10,823.021,823.705,51.493,12018,24036,true
msd_radix_sort,nearly_sorted,100,10,6.062,4.199,4.471,0,250,true
msd_radix_sort,nearly_sorted,200,10,9.207,9.253,0.249,0,508,true
msd_radix_sort,nearly_sorted,300,10,18.951,13.324,16.976,0,757,true
msd_radix_sort,nearly_sorted,400,10,17.251,17.013,0.623,0,1002,true
msd_radix_sort,nearly_sorted,500,10,23.666,22.090,3.451,0,1254,true
msd_radix_sort,nearly_sorted,600,10,27.071,25.694,2.523,0,1504,true
msd_radix_sort,nearly_sorted,700,10,30.259,29.781,1.119,0,1744,true
msd_radix_sort,nearly_sorted,800,10,33.012,32.895,0.470,0,1977,true
msd_radix_sort,nearly_sorted,900,10,39.009,38.191,3.102,0,2223,true
msd_radix_sort,nearly_sorted,1000,10,37.319,36.838,1.092,0,2468,true
msd_radix_sort,nearly_sorted,1100,10,51.264,44.700,12.444,0,2717,true
msd_radix_sort,nearly_sorted,1200,10,49.299,49.562,2.542,0,2956,true
msd_radix_sort,nearly_sorted,1300,10,62.858,62.826,6.888,0,3208,true
msd_radix_sort,nearly_sorted,1400,10,64.680,61.612,9.603,0,3457,true
msd_radix_sort,nearly_sorted,1500,10,66.492,64.178,5.275,0,3705,true
msd_radix_sort,nearly_sorted,1600,10,72.434,69.834,7.427,0,3941,true
msd_radix_sort,nearly_sorted,1700,10,71.543,71.796,2.712,0,4176,true
msd_radix_sort,nearly_sorted,1800,10,77.163,75.749,4.852,0,4433,true
msd_radix_sort,nearly_sorted,1900,10,76.766,75.404,2.946,0,4677,true
msd_radix_sort,nearly_sorted,2000,10,90.203,83.252,17.765,0,4922,true
msd_radix_sort,nearly_sorted,2100,10,94.419,91.037,8.470,0,5150,true
msd_radix_sort,nearly_sorted,2200,10,93.681,91.704,4.581,0,5396,true
msd_radix_sort,nearly_sorted,2300,10,102.519,97.565,11.653,0,5637,true
msd_radix_sort,nearly_sorted,2400,10,105.799,102.332,15.711,0,5886,true
msd_radix_sort,nearly_sorted,2500,10,102.009,99.270,5.202,0,6119,true
msd_radix_sort,nearly_sorted,2600,10,110.217,108.561,5.761,0,6356,true
msd_radix_sort,nearly_sorted,2700,10,106.432,104.282,4.729,0,6599,true
msd_radix_sort,nearly_sorted,2800,10,114.102,107.874,9.797,0,6837,true
msd_radix_sort,nearly_sorted,2900,10,116.846,112.324,8.511,0,7084,true
msd_radix_sort,nearly_sorted,3000,10,117.257,115.329,4.090,0,7325,true
msd_radix_sort,random,100,10,4.441,4.285,0.366,0,166,true
msd_radix_sort,random,200,10,9.086,8.875,0.507,0,385,true
msd_radix_sort,random,300,10,13.365,13.323,0.520,0,601,true
msd_radix_sort,random,400,10,14.984,14.860,0.319,0,813,true
msd_radix_sort,random,500,10,18.867,17.535,3.204,0,1026,true
msd_radix_sort,random,600,10,25.251,25.166,2.251,0,1243,true
msd_radix_sort,random,700,10,23.597,22.843,2.451,0,1470,true
msd_radix_sort,random,800,10,29.462,29.227,1.172,0,1696,true
msd_radix_sort,random,900,10,34.897,34.620,2.688,0,1927,true
msd_radix_sort,random,1000,10,32.182,31.010,2.285,0,2172,true
msd_radix_sort,random,1100,10,38.572,37.492,4.000,0,2420,true
msd_radix_sort,random,1200,10,42.636,40.608,4.875,0,2652,true
msd_radix_sort,random,1300,10,42.339,41.709,1.753,0,2910,true
msd_radix_sort,random,1400,10,47.781,48.070,1.733,0,3142,true
msd_radix_sort,random,1500,10,55.686,52.368,9.540,0,3375,true
msd_radix_sort,random,1600,10,53.167,52.144,2.266,0,3622,true
msd_radix_sort,random,1700,10,56.387,55.382,2.059,0,3865,true
msd_radix_sort,random,1800,10,67.663,66.777,4.650,0,4125,true
msd_radix_sort,random,1900,10,67.924,65.064,6.681,0,4376,true
msd_radix_sort,random,2000,10,71.336,70.720,4.134,0,4639,true
msd_radix_sort,random,2100,10,74.289,73.180,2.910,0,4908,true
msd_radix_sort,random,2200,10,81.474,78.273,6.208,0,5166,true
msd_radix_sort,random,2300,10,85.816,82.674,6.154,0,5420,true
msd_radix_sort,random,2400,10,91.740,89.753,5.862,0,5699,true
msd_radix_sort,random,2500,10,91.212,90.761,3.441,0,5948,true
msd_radix_sort,random,2600,10,98.946,95.867,5.885,0,6204,true
msd_radix_sort,random,2700,10,105.980,105.266,5.820,0,6478,true
msd_radix_sort,random,2800,10,109.468,108.257,4.601,0,6767,true
msd_radix_sort,random,2900,10,113.825,110.520,6.188,0,7046,true
msd_radix_sort,random,3000,10,117.327,115.350,3.284,0,7325,true
msd_radix_sort,reverse,100,10,4.208,4.202,0.157,0,241,true
msd_radix_sort,reverse,200,10,8.081,8.032,0.133,0,488,true
msd_radix_sort,reverse,300,10,12.807,11.678,3.417,0,726,true
msd_radix_sort,reverse,400,10,15.287,15.183,0.456,0,969,true
msd_radix_sort,reverse,500,10,18.221,18.162,0.312,0,1204,true
msd_radix_sort,reverse,600,10,22.374,22.404,0.498,0,1439,true
msd_radix_sort,reverse,700,10,30.123,26.190,9.315,0,1688,true
msd_radix_sort,reverse,800,10,29.476,28.909,1.155,0,1929,true
msd_radix_sort,reverse,900,10,34.241,33.093,2.699,0,2175,true
msd_radix_sort,reverse,1000,10,36.252,36.003,1.071,0,2403,true
msd_radix_sort,reverse,1100,10,41.940,40.236,3.143,0,2648,true
msd_radix_sort,reverse,1200,10,46.633,46.680,1.061,0,2892,true
msd_radix_sort,reverse,1300,10,50.891,48.998,3.520,0,3149,true
msd_radix_sort,reverse,1400,10,51.915,50.975,2.425,0,3384,true
msd_radix_sort,reverse,1500,10,61.061,59.827,5.183,0,3620,true
msd_radix_sort,reverse,1600,10,68.259,65.283,9.966,0,3868,true
msd_radix_sort,reverse,1700,10,69.710,68.044,5.675,0,4117,true
msd_radix_sort,reverse,1800,10,71.598,68.767,4.772,0,4369,true
msd_radix_sort,reverse,1900,10,75.917,76.494,3.776,0,4608,true
msd_radix_sort,reverse,2000,10,80.436,79.513,4.449,0,4855,true
msd_radix_sort,reverse,2100,10,85.245,84.577,4.386,0,5102,true
msd_radix_sort,reverse,2200,10,87.871,85.438,4.992,0,5346,true
msd_radix_sort,reverse,2300,10,106.549,96.905,27.155,0,5581,true
msd_radix_sort,reverse,2400,10,96.307,93.587,5.324,0,5821,true
msd_radix_sort,reverse,2500,10,101.491,96.236,12.384,0,6069,true
msd_radix_sort,reverse,2600,10,108.602,98.457,27.656,0,6321,true
msd_radix_sort,reverse,2700,10,106.352,106.269,5.719,0,6568,true
msd_radix_sort,reverse,2800,10,117.773,116.924,5.776,0,6817,true
msd_radix_sort,reverse,2900,10,129.785,125.206,13.542,0,7075,true
msd_radix_sort,reverse,3000,10,128.839,126.685,7.306,0,7325,true
hybrid_msd_radix_sort,nearly_sorted,100,10,3.090,2.898,1.172,433,610,true
hybrid_msd_radix_sort,nearly_sorted,200,10,4.827,4.212,1.126,917,1275,true
hybrid_msd_radix_sort,nearly_sorted,300,10,6.911,6.530,0.889,1387,1924,true
hybrid_msd_radix_sort,nearly_sorted,400,10,8.892,8.424,1.541,1845,2559,true
hybrid_msd_radix_sort,nearly_sorted,500,10,12.748,12.649,1.176,2278,3166,true
hybrid_msd_radix_sort,nearly_sorted,600,10,14.262,14.267,0.780,2745,3809,true
hybrid_msd_radix_sort,nearly_sorted,700,10,17.784,17.362,1.221,3193,4431,true
hybrid_msd_radix_sort,nearly_sorted,800,10,22.702,21.350,3.319,3647,5059,true
hybrid_msd_radix_sort,nearly_sorted,900,10,24.340,24.111,3.386,4074,5659,true
hybrid_msd_radix_sort,nearly_sorted,1000,10,32.422,25.389,18.945,4517,6275,true
hybrid_msd_radix_sort,nearly_sorted,1100,10,29.150,27.991,2.575,4966,6902,true
hybrid_msd_radix_sort,nearly_sorted,1200,10,33.443,33.091,2.924,5393,7503,true
hybrid_msd_radix_sort,nearly_sorted,1300,10,33.994,33.448,1.288,5874,8164,true
hybrid_msd_radix_sort,nearly_sorted,1400,10,44.379,39.571,10.609,6338,8804,true
hybrid_msd_radix_sort,nearly_sorted,1500,10,48.074,48.315,4.783,6808,9448,true
hybrid_msd_radix_sort,nearly_sorted,1600,10,47.923,47.326,2.817,7235,10050,true
hybrid_msd_radix_sort,nearly_sorted,1700,10,56.615,50.895,19.092,7676,10663,true
hybrid_msd_radix_sort,nearly_sorted,1800,10,49.562,48.078,3.382,8123,11289,true
hybrid_msd_radix_sort,nearly_sorted,1900,10,59.988,60.798,5.083,8586,11929,true
hybrid_msd_radix_sort,nearly_sorted,2000,10,55.051,54.642,4.634,9040,12559,true
hybrid_msd_radix_sort,nearly_sorted,2100,10,57.010,56.156,4.444,9459,13144,true
hybrid_msd_radix_sort,nearly_sorted,2200,10,71.158,61.910,24.564,9911,13770,true
hybrid_msd_radix_sort,nearly_sorted,2300,10,67.743,66.030,6.599,10391,14428,true
hybrid_msd_radix_sort,nearly_sorted,2400,10,67.919,67.737,4.472,10847,15059,true
hybrid_msd_radix_sort,nearly_sorted,2500,10,68.685,65.971,5.684,11286,15671,true
hybrid_msd_radix_sort,nearly_sorted,2600,10,67.673,66.712,3.841,11711,16268,true
hybrid_msd_radix_sort,nearly_sorted,2700,10,73.140,70.984,7.315,12177,16908,true
hybrid_msd_radix_sort,nearly_sorted,2800,10,74.508,72.391,5.417,12606,17509,true
hybrid_msd_radix_sort,nearly_sorted,2900,10,79.680,75.855,8.568,13073,18155,true
hybrid_msd_radix_sort,nearly_sorted,3000,10,79.107,77.768,5.168,13528,18782,true
hybrid_msd_radix_sort,random,100,10,1.313,1.080,0.503,91,227,true
hybrid_msd_radix_sort,random,200,10,2.925,2.587,0.806,322,627,true
hybrid_msd_radix_sort,random,300,10,4.804,4.309,1.052,604,1079,true
hybrid_msd_radix_sort,random,400,10,7.170,6.684,1.271,932,1570,true
hybrid_msd_radix_sort,random,500,10,10.321,9.262,2.565,1333,2150,true
hybrid_msd_radix_sort,random,600,10,12.887,11.720,2.350,1740,2721,true
hybrid_msd_radix_sort,random,700,10,17.245,16.403,2.256,2203,3364,true
hybrid_msd_radix_sort,random,800,10,20.899,20.033,2.759,2568,3895,true
hybrid_msd_radix_sort,random,900,10,26.115,25.036,2.787,3096,4600,true
hybrid_msd_radix_sort,random,1000,10,34.279,31.257,10.842,3633,5319,true
hybrid_msd_radix_sort,random,1100,10,33.265,33.066,3.392,4070,5927,true
hybrid_msd_radix_sort,random,1200,10,37.111,36.702,3.460,4661,6693,true
hybrid_msd_radix_sort,random,1300,10,42.866,42.989,3.607,5251,7477,true
hybrid_msd_radix_sort,random,1400,10,46.057,45.258,2.779,5909,8323,true
hybrid_msd_radix_sort,random,1500,10,52.586,49.991,6.201,6537,9118,true
hybrid_msd_radix_sort,random,1600,10,54.963,53.216,3.497,7104,9868,true
hybrid_msd_radix_sort,random,1700,10,62.358,61.949,4.561,7749,10684,true
hybrid_msd_radix_sort,random,1800,10,66.423,63.743,6.263,8388,11498,true
hybrid_msd_radix_sort,random,1900,10,71.025,69.785,3.225,9061,12352,true
hybrid_msd_radix_sort,random,2000,10,75.100,74.397,3.293,9787,13249,true
hybrid_msd_radix_sort,random,2100,10,78.493,78.103,4.955,10428,14068,true
hybrid_msd_radix_sort,random,2200,10,86.909,86.805,6.210,10791,14623,true
hybrid_msd_radix_sort,random,2300,10,88.209,85.838,5.931,11592,15616,true
hybrid_msd_radix_sort,random,2400,10,93.879,93.418,2.780,12057,16256,true
hybrid_msd_radix_sort,random,2500,10,100.412,98.266,5.843,12640,17026,true
hybrid_msd_radix_sort,random,2600,10,111.146,108.445,8.864,13454,18023,true
hybrid_msd_radix_sort,random,2700,10,109.345,108.133,5.338,14265,19023,true
hybrid_msd_radix_sort,random,2800,10,146.049,131.566,31.838,14828,19775,true
hybrid_msd_radix_sort,random,2900,10,141.486,137.875,9.191,15577,20715,true
hybrid_msd_radix_sort,random,3000,10,142.854,139.659,7.744,16140,21445,true
hybrid_msd_radix_sort,reverse,100,10,8.784,2.145,18.991,422,597,true
hybrid_msd_radix_sort,reverse,200,10,4.394,4.035,0.843,880,1230,true
hybrid_msd_radix_sort,reverse,300,10,6.751,6.268,0.931,1326,1844,true
hybrid_msd_radix_sort,reverse,400,10,8.763,8.379,1.021,1742,2433,true
hybrid_msd_radix_sort,reverse,500,10,11.031,10.704,1.108,2183,3043,true
hybrid_msd_radix_sort,reverse,600,10,13.133,12.858,0.943,2591,3620,true
hybrid_msd_radix_sort,reverse,700,10,15.112,14.368,1.758,3057,4262,true
hybrid_msd_radix_sort,reverse,800,10,18.003,17.331,2.060,3504,4886,true
hybrid_msd_radix_sort,reverse,900,10,21.382,20.819,1.888,3951,5507,true
hybrid_msd_radix_sort,reverse,1000,10,23.515,22.797,2.454,4354,6078,true
hybrid_msd_radix_sort,reverse,1100,10,35.816,28.471,13.132,4800,6692,true
hybrid_msd_radix_sort,reverse,1200,10,32.238,31.674,4.353,5232,7299,true
hybrid_msd_radix_sort,reverse,1300,10,31.272,30.395,4.745,5699,7944,true
hybrid_msd_radix_sort,reverse,1400,10,29.257,28.705,2.345,6118,8533,true
hybrid_msd_radix_sort,reverse,1500,10,32.371,31.483,3.023,6533,9125,true
hybrid_msd_radix_sort,reverse,1600,10,34.576,33.123,4.193,6993,9761,true
hybrid_msd_radix_sort,reverse,1700,10,35.870,35.748,1.841,7455,10398,true
hybrid_msd_radix_sort,reverse,1800,10,40.579,39.824,2.576,7925,11042,true
hybrid_msd_radix_sort,reverse,1900,10,42.288,41.597,2.293,8353,11646,true
hybrid_msd_radix_sort,reverse,2000,10,45.783,46.130,4.682,8812,12281,true
hybrid_msd_radix_sort,reverse,2100,10,46.285,45.070,2.971,9228,12872,true
hybrid_msd_radix_sort,reverse,2200,10,49.782,48.015,4.193,9651,13468,true
hybrid_msd_radix_sort,reverse,2300,10,56.317,52.279,9.784,10088,14076,true
hybrid_msd_radix_sort,reverse,2400,10,55.275,54.460,3.021,10523,14686,true
hybrid_msd_radix_sort,reverse,2500,10,61.011,59.460,6.425,10979,15316,true
hybrid_msd_radix_sort,reverse,2600,10,59.284,56.544,5.923,11416,15929,true
hybrid_msd_radix_sort,reverse,2700,10,65.452,60.887,12.762,11855,16541,true
hybrid_msd_radix_sort,reverse,2800,10,62.110,61.186,3.848,12317,17182,true
hybrid_msd_radix_sort,reverse,2900,10,68.785,68.087,4.889,12772,17816,true
hybrid_msd_radix_sort,reverse,3000,10,69.454,68.060,6.110,13243,18463,true
